{
  "delivery_nominations": {
    "1": {
      "cost": 1.0,
      "max_withdrawal": 21.805555555555557,
      "min_withdrawal": 21.805555555555557
    },
    "2": {
      "cost": 1.0,
      "max_withdrawal": 26.166666666666668,
      "min_withdrawal": 26.166666666666668
    },
    "3": {
      "cost": 1.0,
      "max_withdrawal": 17.444444444444443,
      "min_withdrawal": 17.444444444444443
    }
  },
  "receipt_nominations": {
    "1": {
      "max_injection": 27.387777777777778,
      "cost": 1.0,
      "min_injection": 34.888888888888886
    },
    "2": {
      "max_injection": 23.96430555555556,
      "cost": 1.0,
      "min_injection": 30.527777777777782
    }
  }
}
