{
  "receipts": {
    "4": {
      "max_injection": 65.54305555555555,
      "min_injection": 65.54305555555555
    },
    "1": {
      "max_injection": 3.4143888888888885,
      "min_injection": 3.4143888888888885
    },
    "2": {
      "max_injection": 0.30683944444444444,
      "min_injection": 0.30683944444444444
    },
    "6": {
      "max_injection": 393.28111111111104,
      "min_injection": 393.28111111111104
    },
    "11": {
      "max_injection": 28.406166666666664,
      "min_injection": 28.406166666666664
    },
    "5": {
      "max_injection": 431.32,
      "min_injection": 431.32
    },
    "7": {
      "max_injection": 205.22549999999998,
      "min_injection": 205.22549999999998
    },
    "8": {
      "max_injection": 107.65597777777778,
      "min_injection": 107.65597777777778
    },
    "10": {
      "max_injection": 276.3855555555556,
      "min_injection": 276.3855555555556
    },
    "9": {
      "max_injection": 31.433333333333334,
      "min_injection": 31.433333333333334
    },
    "3": {
      "max_injection": 0.7472477777777778,
      "min_injection": 0.7472477777777778
    }
  },
  "deliveries": {
    "32": {
      "max_withdrawal": 0.35342,
      "min_withdrawal": 0.35342
    },
    "29": {
      "max_withdrawal": 0.45402944444444443,
      "min_withdrawal": 0.45402944444444443
    },
    "1": {
      "max_withdrawal": 273.66816666666665,
      "min_withdrawal": 273.66816666666665
    },
    "2": {
      "max_withdrawal": 3.338766666666666,
      "min_withdrawal": 3.338766666666666
    },
    "41": {
      "max_withdrawal": 0.4513188888888889,
      "min_withdrawal": 0.4513188888888889
    },
    "27": {
      "max_withdrawal": 0.8878550000000001,
      "min_withdrawal": 0.8878550000000001
    },
    "42": {
      "max_withdrawal": 8.338944444444444,
      "min_withdrawal": 8.338944444444444
    },
    "33": {
      "max_withdrawal": 3.528277777777778,
      "min_withdrawal": 3.528277777777778
    },
    "28": {
      "max_withdrawal": 0.7613472222222222,
      "min_withdrawal": 0.7613472222222222
    },
    "50": {
      "max_withdrawal": 2.4775388888888887,
      "min_withdrawal": 2.4775388888888887
    },
    "26": {
      "max_withdrawal": 0.704266111111111,
      "min_withdrawal": 0.704266111111111
    },
    "10": {
      "max_withdrawal": 46.95183333333333,
      "min_withdrawal": 46.95183333333333
    },
    "24": {
      "max_withdrawal": 1.2836416666666668,
      "min_withdrawal": 1.2836416666666668
    },
    "25": {
      "max_withdrawal": 0.33815888888888884,
      "min_withdrawal": 0.33815888888888884
    },
    "23": {
      "max_withdrawal": 0.2401688888888889,
      "min_withdrawal": 0.2401688888888889
    },
    "49": {
      "max_withdrawal": 0.59901,
      "min_withdrawal": 0.59901
    },
    "5": {
      "max_withdrawal": 3.474294444444445,
      "min_withdrawal": 3.474294444444445
    },
    "31": {
      "max_withdrawal": 5.204266666666666,
      "min_withdrawal": 5.204266666666666
    },
    "43": {
      "max_withdrawal": 7.28866111111111,
      "min_withdrawal": 7.28866111111111
    },
    "39": {
      "max_withdrawal": 0.6201705555555557,
      "min_withdrawal": 0.6201705555555557
    },
    "34": {
      "max_withdrawal": 0.32244222222222224,
      "min_withdrawal": 0.32244222222222224
    },
    "44": {
      "max_withdrawal": 6.175055555555556,
      "min_withdrawal": 6.175055555555556
    },
    "17": {
      "max_withdrawal": 5.714033333333332,
      "min_withdrawal": 5.714033333333332
    },
    "47": {
      "max_withdrawal": 2.446561111111111,
      "min_withdrawal": 2.446561111111111
    },
    "37": {
      "max_withdrawal": 0.711145,
      "min_withdrawal": 0.711145
    },
    "9": {
      "max_withdrawal": 62.68216666666666,
      "min_withdrawal": 62.68216666666666
    },
    "12": {
      "max_withdrawal": 2.921022222222222,
      "min_withdrawal": 2.921022222222222
    },
    "20": {
      "max_withdrawal": 0.6732427777777779,
      "min_withdrawal": 0.6732427777777779
    },
    "6": {
      "max_withdrawal": 2.2462077777777774,
      "min_withdrawal": 2.2462077777777774
    },
    "14": {
      "max_withdrawal": 4.455105555555556,
      "min_withdrawal": 4.455105555555556
    },
    "7": {
      "max_withdrawal": 13.389005555555554,
      "min_withdrawal": 13.389005555555554
    },
    "8": {
      "max_withdrawal": 724.6823344444445,
      "min_withdrawal": 724.6823344444445
    },
    "19": {
      "max_withdrawal": 0.7339683333333333,
      "min_withdrawal": 0.7339683333333333
    },
    "4": {
      "max_withdrawal": 0.33647333333333335,
      "min_withdrawal": 0.33647333333333335
    },
    "22": {
      "max_withdrawal": 1.3737277777777777,
      "min_withdrawal": 1.3737277777777777
    },
    "11": {
      "max_withdrawal": 110.57016666666667,
      "min_withdrawal": 110.57016666666667
    },
    "35": {
      "max_withdrawal": 0.5017716666666666,
      "min_withdrawal": 0.5017716666666666
    },
    "13": {
      "max_withdrawal": 6.525605555555556,
      "min_withdrawal": 6.525605555555556
    },
    "15": {
      "max_withdrawal": 31.433333333333334,
      "min_withdrawal": 31.433333333333334
    },
    "16": {
      "max_withdrawal": 106.90977777777779,
      "min_withdrawal": 106.90977777777779
    },
    "40": {
      "max_withdrawal": 0.579945,
      "min_withdrawal": 0.579945
    },
    "38": {
      "max_withdrawal": 0.26410833333333333,
      "min_withdrawal": 0.26410833333333333
    },
    "21": {
      "max_withdrawal": 1.3997172222222223,
      "min_withdrawal": 1.3997172222222223
    },
    "46": {
      "max_withdrawal": 1.4507166666666667,
      "min_withdrawal": 1.4507166666666667
    },
    "45": {
      "max_withdrawal": 58.030944444444444,
      "min_withdrawal": 58.030944444444444
    },
    "36": {
      "max_withdrawal": 0.5269866666666667,
      "min_withdrawal": 0.5269866666666667
    },
    "48": {
      "max_withdrawal": 2.6429055555555556,
      "min_withdrawal": 2.6429055555555556
    },
    "18": {
      "max_withdrawal": 29.53138888888889,
      "min_withdrawal": 29.53138888888889
    },
    "30": {
      "max_withdrawal": 0.24677444444444444,
      "min_withdrawal": 0.24677444444444444
    },
    "3": {
      "max_withdrawal": 3.278405555555556,
      "min_withdrawal": 3.278405555555556
    }
  }
}
