{
  "boundary_valve": {
    "off": [],
    "on": []
  },
  "boundary_pslack": {
    "38": 8.101325e6
  },
  "boundary_compressor": {
    "4": {
      "control_type": 0,
      "value": 1.5
    },
    "1": {
      "control_type": 0,
      "value": 1.5
    },
    "5": {
      "control_type": 0,
      "value": 1.5
    },
    "2": {
      "control_type": 0,
      "value": 1.5
    },
    "6": {
      "control_type": 0,
      "value": 1.5
    },
    "3": {
      "control_type": 0,
      "value": 1.5
    }
  },
  "boundary_nonslack_flow": {
    "32": 16.354166666666668,
    "29": 16.354166666666668,
    "24": 16.354166666666668,
    "12": 16.354166666666668,
    "20": 16.354166666666668,
    "25": 16.354166666666668,
    "23": 16.354166666666668,
    "22": 16.354166666666668,
    "11": 16.354166666666668,
    "35": 16.354166666666668,
    "13": 16.354166666666668,
    "27": 16.354166666666668,
    "31": 16.354166666666668,
    "15": 16.354166666666668,
    "33": 16.354166666666668,
    "28": 16.354166666666668,
    "16": 16.354166666666668,
    "14": 16.354166666666668,
    "39": -158.09027777777777,
    "40": -158.09027777777777,
    "21": 16.354166666666668,
    "34": 16.354166666666668,
    "36": 16.354166666666668,
    "26": 16.354166666666668,
    "17": 16.354166666666668,
    "10": 16.354166666666668,
    "19": 16.354166666666668,
    "37": 16.354166666666668,
    "9": 16.354166666666668,
    "18": 16.354166666666668,
    "30": 16.354166666666668
  },
  "boundary_control_valve": {
    "off": [],
    "on": []
  }
}
