{
  "delivery_nominations": {
    "24": {
      "cost": 1.0,
      "max_withdrawal": 16.354166666666668,
      "min_withdrawal": 16.354166666666668
    },
    "4": {
      "cost": 1.0,
      "max_withdrawal": 16.354166666666668,
      "min_withdrawal": 16.354166666666668
    },
    "1": {
      "cost": 1.0,
      "max_withdrawal": 16.354166666666668,
      "min_withdrawal": 16.354166666666668
    },
    "12": {
      "cost": 1.0,
      "max_withdrawal": 16.354166666666668,
      "min_withdrawal": 16.354166666666668
    },
    "29": {
      "cost": 1.0,
      "max_withdrawal": 16.354166666666668,
      "min_withdrawal": 16.354166666666668
    },
    "20": {
      "cost": 1.0,
      "max_withdrawal": 16.354166666666668,
      "min_withdrawal": 16.354166666666668
    },
    "2": {
      "cost": 1.0,
      "max_withdrawal": 16.354166666666668,
      "min_withdrawal": 16.354166666666668
    },
    "25": {
      "cost": 1.0,
      "max_withdrawal": 16.354166666666668,
      "min_withdrawal": 16.354166666666668
    },
    "6": {
      "cost": 1.0,
      "max_withdrawal": 16.354166666666668,
      "min_withdrawal": 16.354166666666668
    },
    "23": {
      "cost": 1.0,
      "max_withdrawal": 16.354166666666668,
      "min_withdrawal": 16.354166666666668
    },
    "22": {
      "cost": 1.0,
      "max_withdrawal": 16.354166666666668,
      "min_withdrawal": 16.354166666666668
    },
    "11": {
      "cost": 1.0,
      "max_withdrawal": 16.354166666666668,
      "min_withdrawal": 16.354166666666668
    },
    "13": {
      "cost": 1.0,
      "max_withdrawal": 16.354166666666668,
      "min_withdrawal": 16.354166666666668
    },
    "5": {
      "cost": 1.0,
      "max_withdrawal": 16.354166666666668,
      "min_withdrawal": 16.354166666666668
    },
    "15": {
      "cost": 1.0,
      "max_withdrawal": 16.354166666666668,
      "min_withdrawal": 16.354166666666668
    },
    "27": {
      "cost": 1.0,
      "max_withdrawal": 16.354166666666668,
      "min_withdrawal": 16.354166666666668
    },
    "28": {
      "cost": 1.0,
      "max_withdrawal": 16.354166666666668,
      "min_withdrawal": 16.354166666666668
    },
    "16": {
      "cost": 1.0,
      "max_withdrawal": 16.354166666666668,
      "min_withdrawal": 16.354166666666668
    },
    "14": {
      "cost": 1.0,
      "max_withdrawal": 16.354166666666668,
      "min_withdrawal": 16.354166666666668
    },
    "21": {
      "cost": 1.0,
      "max_withdrawal": 16.354166666666668,
      "min_withdrawal": 16.354166666666668
    },
    "7": {
      "cost": 1.0,
      "max_withdrawal": 16.354166666666668,
      "min_withdrawal": 16.354166666666668
    },
    "8": {
      "cost": 1.0,
      "max_withdrawal": 16.354166666666668,
      "min_withdrawal": 16.354166666666668
    },
    "26": {
      "cost": 1.0,
      "max_withdrawal": 16.354166666666668,
      "min_withdrawal": 16.354166666666668
    },
    "17": {
      "cost": 1.0,
      "max_withdrawal": 16.354166666666668,
      "min_withdrawal": 16.354166666666668
    },
    "19": {
      "cost": 1.0,
      "max_withdrawal": 16.354166666666668,
      "min_withdrawal": 16.354166666666668
    },
    "10": {
      "cost": 1.0,
      "max_withdrawal": 16.354166666666668,
      "min_withdrawal": 16.354166666666668
    },
    "9": {
      "cost": 1.0,
      "max_withdrawal": 16.354166666666668,
      "min_withdrawal": 16.354166666666668
    },
    "18": {
      "cost": 1.0,
      "max_withdrawal": 16.354166666666668,
      "min_withdrawal": 16.354166666666668
    },
    "3": {
      "cost": 1.0,
      "max_withdrawal": 16.354166666666668,
      "min_withdrawal": 16.354166666666668
    }
  },
  "receipt_nominations": {
    "1": {
      "max_injection": 158.09027777777777,
      "cost": 1.0,
      "min_injection": 158.09027777777777
    },
    "2": {
      "max_injection": 158.09027777777777,
      "cost": 1.0,
      "min_injection": 158.09027777777777
    },
    "3": {
      "max_injection": 158.09027777777777,
      "cost": 1.0,
      "min_injection": 158.09027777777777
    }
  }
}
