{
  "delivery_nominations": {
    "32": {
      "cost": 1.0,
      "max_withdrawal": 8.722222222222221,
      "min_withdrawal": 8.722222222222221
    },
    "29": {
      "cost": 1.0,
      "max_withdrawal": 8.722222222222221,
      "min_withdrawal": 8.722222222222221
    },
    "81": {
      "cost": 1.0,
      "max_withdrawal": 8.722222222222221,
      "min_withdrawal": 8.722222222222221
    },
    "54": {
      "cost": 1.0,
      "max_withdrawal": 8.722222222222221,
      "min_withdrawal": 8.722222222222221
    },
    "78": {
      "cost": 1.0,
      "max_withdrawal": 8.722222222222221,
      "min_withdrawal": 8.722222222222221
    },
    "1": {
      "cost": 1.0,
      "max_withdrawal": 8.722222222222221,
      "min_withdrawal": 8.722222222222221
    },
    "2": {
      "cost": 1.0,
      "max_withdrawal": 8.722222222222221,
      "min_withdrawal": 8.722222222222221
    },
    "74": {
      "cost": 1.0,
      "max_withdrawal": 8.722222222222221,
      "min_withdrawal": 8.722222222222221
    },
    "41": {
      "cost": 1.0,
      "max_withdrawal": 8.722222222222221,
      "min_withdrawal": 8.722222222222221
    },
    "65": {
      "cost": 1.0,
      "max_withdrawal": 8.722222222222221,
      "min_withdrawal": 8.722222222222221
    },
    "51": {
      "cost": 1.0,
      "max_withdrawal": 8.722222222222221,
      "min_withdrawal": 8.722222222222221
    },
    "53": {
      "cost": 1.0,
      "max_withdrawal": 8.722222222222221,
      "min_withdrawal": 8.722222222222221
    },
    "27": {
      "cost": 1.0,
      "max_withdrawal": 8.722222222222221,
      "min_withdrawal": 8.722222222222221
    },
    "75": {
      "cost": 1.0,
      "max_withdrawal": 8.722222222222221,
      "min_withdrawal": 8.722222222222221
    },
    "42": {
      "cost": 1.0,
      "max_withdrawal": 8.722222222222221,
      "min_withdrawal": 8.722222222222221
    },
    "33": {
      "cost": 1.0,
      "max_withdrawal": 8.722222222222221,
      "min_withdrawal": 8.722222222222221
    },
    "28": {
      "cost": 1.0,
      "max_withdrawal": 8.722222222222221,
      "min_withdrawal": 8.722222222222221
    },
    "52": {
      "cost": 1.0,
      "max_withdrawal": 8.722222222222221,
      "min_withdrawal": 8.722222222222221
    },
    "50": {
      "cost": 1.0,
      "max_withdrawal": 8.722222222222221,
      "min_withdrawal": 8.722222222222221
    },
    "63": {
      "cost": 1.0,
      "max_withdrawal": 8.722222222222221,
      "min_withdrawal": 8.722222222222221
    },
    "92": {
      "cost": 1.0,
      "max_withdrawal": 8.722222222222221,
      "min_withdrawal": 8.722222222222221
    },
    "88": {
      "cost": 1.0,
      "max_withdrawal": 8.722222222222221,
      "min_withdrawal": 8.722222222222221
    },
    "93": {
      "cost": 1.0,
      "max_withdrawal": 8.722222222222221,
      "min_withdrawal": 8.722222222222221
    },
    "26": {
      "cost": 1.0,
      "max_withdrawal": 8.722222222222221,
      "min_withdrawal": 8.722222222222221
    },
    "10": {
      "cost": 1.0,
      "max_withdrawal": 8.722222222222221,
      "min_withdrawal": 8.722222222222221
    },
    "77": {
      "cost": 1.0,
      "max_withdrawal": 8.722222222222221,
      "min_withdrawal": 8.722222222222221
    },
    "24": {
      "cost": 1.0,
      "max_withdrawal": 8.722222222222221,
      "min_withdrawal": 8.722222222222221
    },
    "87": {
      "cost": 1.0,
      "max_withdrawal": 8.722222222222221,
      "min_withdrawal": 8.722222222222221
    },
    "58": {
      "cost": 1.0,
      "max_withdrawal": 8.722222222222221,
      "min_withdrawal": 8.722222222222221
    },
    "25": {
      "cost": 1.0,
      "max_withdrawal": 8.722222222222221,
      "min_withdrawal": 8.722222222222221
    },
    "23": {
      "cost": 1.0,
      "max_withdrawal": 8.722222222222221,
      "min_withdrawal": 8.722222222222221
    },
    "49": {
      "cost": 1.0,
      "max_withdrawal": 8.722222222222221,
      "min_withdrawal": 8.722222222222221
    },
    "59": {
      "cost": 1.0,
      "max_withdrawal": 8.722222222222221,
      "min_withdrawal": 8.722222222222221
    },
    "89": {
      "cost": 1.0,
      "max_withdrawal": 8.722222222222221,
      "min_withdrawal": 8.722222222222221
    },
    "5": {
      "cost": 1.0,
      "max_withdrawal": 8.722222222222221,
      "min_withdrawal": 8.722222222222221
    },
    "31": {
      "cost": 1.0,
      "max_withdrawal": 8.722222222222221,
      "min_withdrawal": 8.722222222222221
    },
    "62": {
      "cost": 1.0,
      "max_withdrawal": 8.722222222222221,
      "min_withdrawal": 8.722222222222221
    },
    "43": {
      "cost": 1.0,
      "max_withdrawal": 8.722222222222221,
      "min_withdrawal": 8.722222222222221
    },
    "90": {
      "cost": 1.0,
      "max_withdrawal": 8.722222222222221,
      "min_withdrawal": 8.722222222222221
    },
    "39": {
      "cost": 1.0,
      "max_withdrawal": 8.722222222222221,
      "min_withdrawal": 8.722222222222221
    },
    "34": {
      "cost": 1.0,
      "max_withdrawal": 8.722222222222221,
      "min_withdrawal": 8.722222222222221
    },
    "44": {
      "cost": 1.0,
      "max_withdrawal": 8.722222222222221,
      "min_withdrawal": 8.722222222222221
    },
    "94": {
      "cost": 1.0,
      "max_withdrawal": 8.722222222222221,
      "min_withdrawal": 8.722222222222221
    },
    "55": {
      "cost": 1.0,
      "max_withdrawal": 8.722222222222221,
      "min_withdrawal": 8.722222222222221
    },
    "86": {
      "cost": 1.0,
      "max_withdrawal": 8.722222222222221,
      "min_withdrawal": 8.722222222222221
    },
    "17": {
      "cost": 1.0,
      "max_withdrawal": 8.722222222222221,
      "min_withdrawal": 8.722222222222221
    },
    "99": {
      "cost": 1.0,
      "max_withdrawal": 8.722222222222221,
      "min_withdrawal": 8.722222222222221
    },
    "71": {
      "cost": 1.0,
      "max_withdrawal": 8.722222222222221,
      "min_withdrawal": 8.722222222222221
    },
    "37": {
      "cost": 1.0,
      "max_withdrawal": 8.722222222222221,
      "min_withdrawal": 8.722222222222221
    },
    "47": {
      "cost": 1.0,
      "max_withdrawal": 8.722222222222221,
      "min_withdrawal": 8.722222222222221
    },
    "9": {
      "cost": 1.0,
      "max_withdrawal": 8.722222222222221,
      "min_withdrawal": 8.722222222222221
    },
    "73": {
      "cost": 1.0,
      "max_withdrawal": 8.722222222222221,
      "min_withdrawal": 8.722222222222221
    },
    "82": {
      "cost": 1.0,
      "max_withdrawal": 8.722222222222221,
      "min_withdrawal": 8.722222222222221
    },
    "12": {
      "cost": 1.0,
      "max_withdrawal": 8.722222222222221,
      "min_withdrawal": 8.722222222222221
    },
    "79": {
      "cost": 1.0,
      "max_withdrawal": 8.722222222222221,
      "min_withdrawal": 8.722222222222221
    },
    "20": {
      "cost": 1.0,
      "max_withdrawal": 8.722222222222221,
      "min_withdrawal": 8.722222222222221
    },
    "6": {
      "cost": 1.0,
      "max_withdrawal": 8.722222222222221,
      "min_withdrawal": 8.722222222222221
    },
    "84": {
      "cost": 1.0,
      "max_withdrawal": 8.722222222222221,
      "min_withdrawal": 8.722222222222221
    },
    "80": {
      "cost": 1.0,
      "max_withdrawal": 8.722222222222221,
      "min_withdrawal": 8.722222222222221
    },
    "98": {
      "cost": 1.0,
      "max_withdrawal": 8.722222222222221,
      "min_withdrawal": 8.722222222222221
    },
    "70": {
      "cost": 1.0,
      "max_withdrawal": 8.722222222222221,
      "min_withdrawal": 8.722222222222221
    },
    "14": {
      "cost": 1.0,
      "max_withdrawal": 8.722222222222221,
      "min_withdrawal": 8.722222222222221
    },
    "7": {
      "cost": 1.0,
      "max_withdrawal": 8.722222222222221,
      "min_withdrawal": 8.722222222222221
    },
    "96": {
      "cost": 1.0,
      "max_withdrawal": 8.722222222222221,
      "min_withdrawal": 8.722222222222221
    },
    "57": {
      "cost": 1.0,
      "max_withdrawal": 8.722222222222221,