{
  "boundary_valve": {
    "off": [],
    "on": []
  },
  "boundary_pslack": {
    "17": 7.0e6
  },
  "boundary_compressor": {
    "1": {
      "control_type": 0,
      "value": 1.5
    },
    "2": {
      "control_type": 0,
      "value": 1.5
    },
    "3": {
      "control_type": 0,
      "value": 1.5
    }
  },
  "boundary_nonslack_flow": {
    "24": 21.805555555555557,
    "21": 21.805555555555557,
    "20": 21.805555555555557,
    "19": -30.907107222222226,
    "23": 26.63810277777778,
    "22": 26.63810277777778,
    "18": -23.476460763888895
  },
  "boundary_control_valve": {
    "off": [],
    "1": {
      "control_type": 0,
      "value": 1.0
    },
    "on": [
      1
    ]
  }
}
